Name,College,Email
Michael Powers,Kyoto Institute of Technology,allisonnathan@example.org
Ashley Gray,Universidad Politecnica de Valencia,brittneywilliams@example.com
Andres Herrera,"Birkbeck College, University of London",aross@example.com
Colleen Brewer,Kuwait University,crystal36@example.com
Darlene Murphy,King Abdul Aziz University (KAU),francesthomas@example.org
Penny Hill,Beijing University of Technology,leslie43@example.com
Curtis Johnston,University of Calcutta,kimberly43@example.net
Christopher Moore,Lodz University of Technology,gwendolyn37@example.com
Kevin Ruiz,Stellenbosch University,dlawrence@example.org
Dennis Flores,Università degli Studi di Siena (UNISI),jodienglish@example.org
David Walsh PhD,Khon Kaen University,charlesbenson@example.org
Tiffany Oneal,Kyushu Institute of Technology,galexander@example.com
Anthony Brown,University of Southern Queensland,lauragordon@example.com
Marissa Riley,Universidad de Buenos Aires,madelinewilliams@example.net
Bryan Barrett,Heriot-Watt University,jacksonpeggy@example.com
Deborah Johnson,University of Peradeniya,jose96@example.org
James Parker,Saint-Petersburg State University,robinsonrhonda@example.com
Amy Gibson,Ohio University,michaelgood@example.net
Patrick Blake,"Aligarh Muslim University (AMU), Aligarh",anthonyolson@example.net
Drew Velazquez,University of Twente,garrisoncarolyn@example.org
Christina Martin,Università degli Studi di Torino (UNITO),manderson@example.com
Michael Clark,Universidad de Antioquia,yshaffer@example.org
Jacob Conley,Yamaguchi University,andrea03@example.org
Mary Kirby,University of Lisbon,melaniewalker@example.org
Allison Riley,University of the West of England,rfoster@example.com
Daniel Wells,University of Ghent,wallacejustin@example.net
Michael Bowman,Pontificia Universidad Javeriana,kevin92@example.net
Kathleen Moore,Universidad Austral de Chile,zachary06@example.com
Ashley Ferguson,Xi'an Jiaotong University,gibsonmichael@example.net
Lisa Howard,Technion - Israel Institute of Technology,seanwilson@example.org
William Reese,Victoria University,iwalter@example.com
Sara Gardner,Universität Bayreuth,angelawright@example.com
Patricia Curry,Universidad de Navarra,tsmith@example.net
Jonathan Dawson,Yokohama City University,ssmith@example.net
Courtney Watkins,La Trobe University,xbullock@example.com
Kaitlyn Gray,"Aligarh Muslim University (AMU), Aligarh",jcolon@example.net
Brandon Mosley,Universidad de la República (UdelaR),olsonstephen@example.org
Melissa Velez,Vilnius University,alexhart@example.com
Jessica Estes,Drexel University,michaelfrazier@example.net
Christopher Serrano,University of Ottawa,duartekayla@example.com
Jacob Tran DDS,Edinburgh Napier University,tammie00@example.com
John Brown,Manipal Academy of Higher Education,jonesheather@example.com
Tracy Gutierrez,Università degli Studi di Siena (UNISI),scottcooper@example.net
Jordan Adams,De Montfort University,danielwalsh@example.com
Mary Kelly,Sapienza - Università di Roma,nicoleparks@example.com
Chelsea Hernandez,National Tsing Hua University,williamcarter@example.com
Jacob Best,Manchester Metropolitan University,lorimason@example.net
Jason Simon,University of St Andrews,stewartbrian@example.com
Jonathan Baird,McGill University,michael03@example.org
Timothy Harris,University of Salford,ortegapamela@example.org
Jessica Lee,Koç University,wware@example.net
John Meza,Universidad de Palermo,charris@example.com
Christopher Stanton,University of Crete,jason80@example.com
Lawrence Vega,Hebrew University of Jerusalem,kimbrenda@example.com
Lindsey Black,Universität Leipzig,lopezmichael@example.net
Gina Pearson,University of Belgrade,ovalenzuela@example.com
Jill Werner,Chung-Ang University,madeline09@example.org
Joel Taylor,Universität Bayreuth,nancychen@example.org
Sheila Keller,Università degli Studi di Milano,qwalton@example.org
Nicole Jordan,University of the West of England,pricemichael@example.org
Thomas Cherry,McGill University,hollybishop@example.org
Mary Frederick,Sciences Po Paris,ronald05@example.net
Alan Johnson,Central Queensland University,ryanturner@example.org
Chad Shepard,University of Wyoming,perezjodi@example.com
Kylie Gonzalez,Shanghai University,angelapearson@example.net
Katie Robinson,Newcastle University,hendersonjulie@example.org
Jacob Ross,Cracow University of Technology,penatristan@example.net
Michael Jones,University of Copenhagen,gibsonjames@example.com
Kristine Hamilton,Savitribai Phule Pune University,benjamin12@example.com
Gilbert Farrell,Alexandria University,keithmcguire@example.org
Beth Lewis,Michigan Technological University,jamiewilcox@example.com
Shannon Reed,Xi'an Jiaotong University,campbelllauren@example.net
John Reed,Syracuse University,mcdonaldelizabeth@example.org
David Scott,The University of Warwick,margaretnorton@example.com
Justin Simmons,Istanbul Technical University,sanderscarla@example.org
Mary Moody,University of Maribor,hgibson@example.org
Vanessa Knapp,Ohio University,teresa90@example.com
Grace Jackson,Imam Abdulrahman Bin Faisal University (IAU) (formerly University of Dammam),patrick24@example.org
Regina Williamson,Oklahoma State University,callahanjohn@example.org
Sabrina Richardson,Baku State University,matthewwade@example.com
Timothy Gregory,Universidade de Vigo,michaelwade@example.com
Jesse Anderson,Tokai University,thorntonjade@example.org
Allison Carey,Riga Stradins University,istout@example.org
James Summers,University of Klagenfurt,lisa74@example.com
Emily Richardson,The University of New South Wales (UNSW),jillianweaver@example.org
Anthony Anthony,Baku State University,cody68@example.net
Larry Davis,United Arab Emirates University,dyertimothy@example.org
Austin Oneill,Università degli Studi di Firenze (UNIFI),uclark@example.net
Joseph Golden,The University of Western Australia (UWA),qmartinez@example.net
Edward Fox,Katholieke Universiteit Leuven,floreskathleen@example.com
Kevin Stout,Sorbonne University,rachel32@example.net
Kelly Green,Johannes Kepler Universität Linz (JKU),courtneynelson@example.com
Brian Fuller,Riga Technical University,carla33@example.com
Amanda Barrera,King Fahd University of Petroleum & Minerals (KFUPM),jacquelinehensley@example.net
Cindy Jarvis,Gunma University,nicholas20@example.net
Jamie Poole,University of Johannesburg,estradamaria@example.org
Gina Garcia,London Metropolitan University,jessica10@example.com
Kim George,Universidad Politecnica de Valencia,jose02@example.net
Christopher Carrillo,Quaid-i-azam University,colemansteven@example.com
Christian Myers,Auckland University of Technology,jonathan21@example.org
Aaron Brown,Charles University,jhill@example.org
Joseph Montes,Stockholm University,chaneyhannah@example.com
Katie Carney,Queen's University,carmen13@example.net
Cheryl Wright,New Jersey Institute of Technology (NJIT),eric08@example.org
Ruben Hill,National Yang Ming University,marywalker@example.com
Madison Warner,HEC Paris,pgarcia@example.net
Jamie Barnett,University of Exeter,pbaird@example.com
Rebecca Stevens,Utah State University,sean93@example.net
Ashley Everett,The University of Georgia,zrich@example.com
Rebecca Wagner,University of Parma,sarah57@example.com
Denise Lowe,Czech Technical University In Prague,ashleyrodriguez@example.com
Julia Lloyd,Politecnico di Torino,loretta54@example.net
Sandra Townsend,Multimedia University (MMU),bowersmichael@example.org
Justin Roberts,TELECOM ParisTech,lori80@example.com
Jeffrey Parker,Newcastle University,allenhannah@example.org
James Baker,Kazakh Ablai khan University of International Relations and World Languages,nina70@example.net
Victoria Gardner,Tecnológico de Monterrey (ITESM),steven91@example.com
Patrick Woodard,Pontificia Universidade Católica do Rio Grande do Sul,cooperjennifer@example.net
Natasha Craig,Universidad de Montevideo,jason98@example.net
Joel Williams,Ateneo de Manila University,kevin47@example.com
Michael Sanders,Vietnam National University - Ho Chi Minh City (VNU-HCM),joe49@example.org
Jack Ross,Universität Stuttgart,scott27@example.com
Alejandra Robinson,The Catholic University of Korea,christine92@example.com
Dr. Gloria James,Universidad de Granada,judywilliams@example.net
Alexa Nash,Edinburgh Napier University,hurleyamy@example.org
Richard Miller,Southern Methodist University,lee61@example.com
Chelsea Johnson,Rheinische Friedrich-Wilhelms-Universität Bonn,timothybrown@example.net
Sherri Hawkins,University of Calgary,riosryan@example.net
Timothy Cortez,Padjadjaran University,zachary15@example.org
Mitchell Phillips,The University of Manchester,ysharp@example.org
Kimberly Mayer,University of Zurich,lorettasnyder@example.com
Kristin Mitchell,Dankook University,mario39@example.org
Jacob Parker,University of Cambridge,michaelmoore@example.net
Alicia Gates,Pontificia Universidad Javeriana,melendezleslie@example.org
Mary Bishop,Palacký University in Olomouc,brewercarla@example.com
Joshua Mcdonald,University of Gdansk,william57@example.net
Vicki Perez,University of Klagenfurt,imcpherson@example.org
Erica Lowe,Cornell University,jacqueline77@example.org
Danny Bradley,Copenhagen Business School,jessica18@example.org
Kelly Williams,Moscow State Institute of International Relations – MGIMO University,mwall@example.net
Reginald Villarreal,Universidad Carlos III de Madrid,swilson@example.org
Jeffrey Hernandez,University of Paris,newtonmackenzie@example.org
Julie Donaldson,Bar-Ilan University,brownmichael@example.net
Kenneth Curry,Keio University,tthomas@example.com
Benjamin Leblanc,The University of Nottingham,gmoreno@example.org
Patricia Wheeler,Universidade Federal de São Carlos,richard08@example.net
Jonathan Ellis,Kent State University,sandovalsamantha@example.org
Emily Walton,V.N. Karazin Kharkiv National University,tonyawilliams@example.com
Stephen Phillips,Università Cattolica del Sacro Cuore,shanecollins@example.org
John Norris,Princeton University,xlove@example.org
Gregory Gallegos,Universiti Malaysia Pahang (UMP),christensentimothy@example.org
Donald Lee,Bina Nusantara University (BINUS),jamesgomez@example.com
Evan Bell,Taylor's University,montoyarachel@example.net
Christina Harper,Newcastle University,michellehunter@example.net
Kelsey Lynn,California Institute of Technology (Caltech),graydean@example.com
Ernest Beltran,Universidad de los Andes Chile,michael52@example.com
Nicholas Lamb,Universität Bremen,erik57@example.org
Jason Olson,Universidad Torcuato Di Tella,roger15@example.org
Michael Bradley,De La Salle University,villarrealmichelle@example.org
Wendy Jones,Universidad Nacional de Colombia,nicholas51@example.org
Lisa Gonzales,Rikkyo University,ihill@example.com
Ashley Macdonald,University of Ostrava,thomasball@example.com
Stephen Burns,University of Iowa,sarah96@example.org
Taylor Roberts,Holy Spirit University of Kaslik,tammy51@example.net
Tiffany Strickland,Universidade de São Paulo (USP),chelseacollins@example.net
David Alvarez,Virginia Polytechnic Institute (Virginia Tech),robert79@example.net
Donald Howell,Université Paul Sabatier Toulouse III,melissamoody@example.org
Tracy Meza,King Fahd University of Petroleum & Minerals (KFUPM),connie58@example.net
Mr. Clinton White,Università degli Studi di Napoli Federico II,torreslynn@example.com
Philip Fletcher,University of Rochester,bradleyjared@example.net
Brenda Wilson,Instituto Tecnológico Autonomo de México (ITAM),michaelshelton@example.org
Susan Webster,University of Klagenfurt,hwilkins@example.org
Jonathan Harris,Universidad Autónoma de Nuevo León (UANL),alexanderburgess@example.net
Jeffrey Allen,Royal Holloway University of London,melaniefrey@example.com
Joseph Hart,University of British Columbia,qcastro@example.org
Mr. Darrell Mata,Cardiff University,bbarry@example.com
Matthew Figueroa,Universitat Ramon Llull,mtaylor@example.org
Joyce Cooper,University Toulouse – Jean Jaurès,johnmiller@example.com
Christopher Foster,Ruhr-Universität Bochum,sethwillis@example.com
Zachary Graham,King Fahd University of Petroleum & Minerals (KFUPM),melinda39@example.org
Jamie Stewart,Kyoto University,russell10@example.com
Amy Wiley,Johns Hopkins University,zshaffer@example.org
Paige Ferrell,Universidad de Navarra,russoaaron@example.net
Taylor Alexander,University of Kansas,dillon77@example.com
Leroy Andrews,Universidad de los Andes Chile,johnny76@example.com
Bryan Wilson,Vytautas Magnus University,mmiller@example.com
Amy White,University of Amsterdam,jeremy01@example.net
Anita Cross,Shenzhen University,anne61@example.org
Donald Hoffman,Chonbuk National University,awilson@example.com
Monica Kennedy,Iowa State University,mcdonaldchristopher@example.com
Julie Medina,Ohio University,allenthomas@example.net
Kim Elliott,College of William & Mary,marccarter@example.com
Alejandra Price,Cardiff University,oscarhenry@example.net
Brandy Brown,"KTH, Royal Institute of Technology",bearddeborah@example.net
April Lee,University of Balamand,james39@example.net
Susan Garcia,Murdoch University,usmith@example.com
Kimberly Welch,Illinois Institute of Technology,isullivan@example.net
Mr. Charles Byrd MD,Université Paris-Sud 11,karinaclark@example.net
Joshua Powell,Universidade Federal do Pernambuco,browntrevor@example.com
Catherine Ellis,HUFS – Hankuk (Korea) University of Foreign Studies,hlewis@example.org
John Collier,Diponegoro University,philip32@example.org
Jonathan Kramer,Trinity College Dublin (TCD),clarkjohn@example.com
Brandon Campbell,Universiti Tenaga Nasional (UNITEN),charlespierce@example.org
Wesley Hobbs,University of Tasmania,gkidd@example.org
Gabriel Atkins,Emory University,susan93@example.com
Monica Williams,California Institute of Technology (Caltech),kcook@example.com
Jeremy Branch,Auckland University of Technology,jacksonerin@example.net
Heidi Allen,Università degli Studi di Catania (UniCT),lmiller@example.net
Ashley Powell,Missouri University of Science and Technology,brettstephenson@example.net
Steven Sutton,University of the Punjab,marie85@example.com
Wanda Johnson,Justus-Liebig-Universität Gießen,whitesusan@example.net
Justin Kennedy,Universität Hamburg,lisa53@example.org
Mr. Randy Herrera,Laval University,timothymorris@example.com
Brittany Farrell,Pontificia Universidad Católica Argentina Santa María de los Buenos Aires (UCA),danieljesus@example.com
Holly Johnson,AGH University of Science and Technology,qwells@example.com
Kyle Reed,Karaganda State Technical University,paul08@example.net
Jasmine Griffin,Indian Institute of Technology Kanpur (IITK),dunnwilliam@example.net
Jeffrey Carey,Amirkabir University of Technology,ronald19@example.org
Nicholas Hammond,National Research University - Higher School of Economics (HSE),kristengriffith@example.org
Sarah Goodwin,University of Groningen,beckerjoshua@example.net
Derrick Grimes,University of Oregon,kenneth14@example.com
Charles Clark,Korea University,kathy33@example.net
Stephanie Smith,University of San Francisco,paula41@example.net
Travis Hutchinson,United Arab Emirates University,pmartin@example.net
William Morales,University of Turku,munozthomas@example.org
Shane Blair DDS,Bond University,james74@example.org
Matthew Brown,Massachusetts Institute of Technology (MIT),bcox@example.net
Lori Watson,Università degli Studi di Milano,bharris@example.org
Chad Joseph,King Fahd University of Petroleum & Minerals (KFUPM),roger51@example.com
Donna Nguyen,University of Toronto,dduncan@example.org
Vincent Hurst,King Saud University (KSU),karen74@example.com
Thomas Clayton,"Sofia University ""St. Kliment Ohridski""",brian61@example.com
Paula Reynolds,Virginia Polytechnic Institute (Virginia Tech),waltersangela@example.net
Ronald Wall,Moscow State Institute of International Relations – MGIMO University,jtaylor@example.org
Tim Brandt,"University of Chemistry and Technology, Prague",jessica11@example.net
Jennifer Mccarthy,Universiti Malaysia Sarawak (UNIMAS),garciateresa@example.org
Christopher Lewis,The University of Sheffield,bmartinez@example.org
Sarah Johnson,Shahid Beheshti University Tehran,ssmith@example.com
Tracy Sanchez,"University of Massachusetts, Amherst",lisagreer@example.com
Richard Kennedy,Università degli Studi di Perugia,tiffany52@example.org
Mr. Logan Williams,German Jordanian University,katherine35@example.org
Kelly Burns,Universidad de Los Andes Colombia,bonnie24@example.com
Joseph Johnson,Universiti Malaysia Pahang (UMP),jonathanbyrd@example.com
Jacob Contreras,University Toulouse – Jean Jaurès,carolyndalton@example.org
Janet Oconnor,National Chung Cheng University,robinsonmark@example.net
Chelsea Stanton,Pontificia Universidad Católica del Perú,ryandavidson@example.org
Jared Hubbard,University of Hull,loridavenport@example.com
Dr. Emily Riley,Università degli Studi di Pavia (UNIPV),bakerjoyce@example.net
Richard Price,University of Santo Tomas,jwarren@example.org
Lindsey Hancock,Edith Cowan University (ECU),wfox@example.com
David Blackwell,University of Kansas,michelealvarado@example.com
Samuel Martinez,University of Birmingham,jasminebanks@example.net
Ryan Garcia,Seoul National University (SNU),pmclean@example.com
Andrew Contreras,Bilkent University,aaronmeyer@example.net
Stephanie Smith,Universidad de Belgrano,nicole44@example.com
Angel Miller,University of Houston,ortizkim@example.org
Mary Miller,Southern Cross University,heather51@example.com
Gina Carrillo,Western Sydney University,deborah58@example.net
Hailey Henderson,Universitat Politècnica de Catalunya,whiterobin@example.com
Michael Cruz,Universität Ulm,andreastewart@example.org
Kelly Montgomery,University of Manitoba,ashleynichols@example.org
Ashley Huffman,Mustansiriyah University,owright@example.com
Amy Nguyen,Harvard University,pmarks@example.net
Thomas Jensen,Universitat Autónoma de Barcelona,iflynn@example.org
Shelley Barrett,Universidad de Talca,carterandre@example.com
Christine Sutton,The University of Auckland,michaeljones@example.com
Connie Pugh,Georgia Institute of Technology (Georgia Tech),richardsmary@example.com
Laura Walker,Stockholm School of Economics,carllong@example.com
Cindy Castillo,Université de Strasbourg,shawcharles@example.net
Nicholas Martin,University of Mons,wcaldwell@example.net
Julia Patrick,University of Lodz,linda21@example.org
Patty York,Universidad de Chile,manuelbrown@example.net
Brian Krueger,National Cheng Kung University,stephen95@example.net
Tara Mercado,Concordia University,kirk42@example.com
Justin Gibbs,University of Twente,carrie36@example.org
Donald Smith,Beijing Foreign Studies University,jrichardson@example.org
Andre Smith,King Khalid University,millsjessica@example.com
Laura Freeman,University of the West of England,linda55@example.com
Ruben Jackson,Universitat Politècnica de Catalunya,mmerritt@example.com
Dana Miller,Università degli Studi di Perugia,scottjordan@example.net
Ryan Jackson MD,Lanzhou University,megan43@example.net
Gregory Watts,"Universidade Estadual Paulista ""Júlio de Mesquita Filho""",rhodesmatthew@example.com
Charles Davis,Peter the Great St.Petersburg Polytechnic University,linda96@example.net
Katrina Kane,Scuola Superiore Sant'Anna Pisa,michaelwilson@example.net
Thomas Johnson,Universitat de Valencia,kaiserkatrina@example.com
Mitchell Moore,University of Delhi,bgriffin@example.com
Jonathan Morales,Australian National University (ANU),rkramer@example.net
Tracy Davis,Corvinus University of Budapest,tbennett@example.net
Mr. David Garcia,Universidade Federal de São Paulo (UNIFESP),amy41@example.net
Kenneth Edwards,Universidad Autónoma de Madrid,jimmy40@example.net
Sarah Bowers,Chung-Ang University,jason03@example.net
James Cole,University of Brighton,patricia43@example.com
Christopher Contreras,James Cook University (JCU),matthewsanders@example.com
Chad Hawkins,University of Reading,robert17@example.com
Colin Huang,Sheffield Hallam University,daleanderson@example.com
Haley Walker,University of Patras,rkirk@example.org
Nancy Barrett,University of Southern California,aaron90@example.net
Michael Bush,American University of Beirut (AUB),brittany45@example.org
Olivia Thomas,University of Groningen,sjackson@example.net
Taylor Wallace,Chongqing University,michael51@example.com
Michelle Schroeder,Shanghai University,ryangarza@example.net
Brandon Spence,Université de Fribourg,elizabeth82@example.net
Miranda Brennan,Keele University,alipedro@example.com
Kenneth Graham,Università degli Studi di Siena (UNISI),alexanderlarry@example.org
Donna King,Georgia Institute of Technology (Georgia Tech),brandtthomas@example.net
Doris Powers,Eotvos Lorand University,blucas@example.org
Savannah Flores,Duke University,robertfowler@example.com
Nichole Wilson,Miami University,iwall@example.org
Logan Bell,London School of Economics and Political Science (LSE),ericpadilla@example.net
Paul Craig,Universidad de San Andrés,rwest@example.net
Christopher Meyer,Radboud University Nijmegen,kmaddox@example.net
James Jackson,Universidad de Buenos Aires,xshah@example.com
Michelle Smith,"National University of Ireland, Galway (NUIG)",lindaclark@example.org
Jessica Valenzuela,Sungkyunkwan University,millerkelly@example.org
Chris Le,Universidad Carlos III de Madrid,lukepowell@example.com
Cheryl Greene,Chang Gung University,waltersbrad@example.org
Jeffrey Watts,Kyoto Institute of Technology,zimmermanrichard@example.com
Adam Ali,Universidad del Valle,cynthia09@example.net
John Johnson,WHU Otto Beisheim School of Management - Koblenz,murphydale@example.net
Susan Baker,Maynooth University,millercarla@example.net
Kevin Wallace,Université de Poitiers,davidhamilton@example.net
Kimberly Koch,Tallinn University,marie59@example.com
Heather Meyers,Bina Nusantara University (BINUS),paul05@example.com
Todd Preston,London School of Economics and Political Science (LSE),tsanchez@example.com
Jacob Hartman,University of Arizona,edward71@example.org
David Freeman,Yeshiva University,whouston@example.com
Kristen Lane,Politecnico di Bari,amanda20@example.net
Gregory Middleton,Radboud University Nijmegen,kenneth37@example.com
Joshua James,University of Liverpool,fmontes@example.com
Mario Johnson,Manchester Metropolitan University,michael75@example.org
Stephanie Hernandez,Universidad Autónoma del Estado de México,dtaylor@example.net
Anthony Roach,Tsinghua University,jwatts@example.org
Caitlyn Barrera,Hebrew University of Jerusalem,tmartinez@example.org
Samantha Mccoy,COMSATS Institute of Information Technology,dylan46@example.com
Karl Taylor,University of the Pacific,joseph44@example.com
Stephanie Stephens,Georgia Institute of Technology (Georgia Tech),mooremelissa@example.com
Jennifer Booker,Sichuan University,daniel98@example.com
James Villanueva,London Business School,suebrooks@example.net
Bridget Hernandez,Università Cattolica del Sacro Cuore,vking@example.com
Sheryl Smith,Universidad de la República (UdelaR),fosterrobert@example.com
David Brooks,Universidad de Santiago de Chile (USACH),djones@example.com
Emily Payne,Université Aix-Marseille,johnlittle@example.org
Mr. Caleb Figueroa,University of Basel,parkererika@example.com
Kevin Wells,Anna University,rmaldonado@example.org
Christian Manning,Scuola Superiore Sant'Anna Pisa,rachelknapp@example.net
Kayla Reid,Jilin University,elizabethwilson@example.net
James Graham,IE University,richard13@example.org
Marissa Casey DDS,Universidade Federal de São Carlos,severett@example.org
Derek Sullivan,University of St Andrews,tracyparsons@example.net
Brianna Benton,Universität Siegen,morganjerry@example.com
Stephen Cruz,University of Southern California,thomas00@example.net
Jose Horton,Universität Köln,autumn28@example.com
Jeffrey Hernandez,University of Côte d'Azur,ifranklin@example.net
George Melendez,Universidad Tecnológica Nacional (UTN),martinezcarrie@example.net
Steven Cox,Duke University,timothyrivera@example.org
Kathryn Farley,Universiti Putra Malaysia (UPM),wrightmegan@example.org
Calvin Wells DDS,Sungkyunkwan University,brianrobinson@example.net
Heidi Hays,Amrita Vishwa Vidyapeetham,alejandra16@example.com
Tyler Gomez,Sepuluh Nopember Institute of Technology,danedwards@example.com
Kathy Steele PhD,Peter the Great St.Petersburg Polytechnic University,destiny45@example.net
Michael Owens,University of Bari,markbrown@example.org
Craig Hansen,Huazhong University of Science and Technology,jriggs@example.org
Alice Hicks,AGH University of Science and Technology,richardsonmarcus@example.net
James Ballard,Monash University,mdavis@example.com
Janet Manning,Chonbuk National University,julie44@example.net
Jessica Martinez,Budapest University of Technology and Economics,alicehill@example.com
William Brennan,Universita degli Studi di Udine,deborahmarquez@example.org
Eric Harrington,Westfälische Wilhelms-Universität Münster,brownsophia@example.com
Tina Rodriguez,International Islamic University Malaysia (IIUM),crystalthompson@example.com
Christine Gilbert DDS,University of Manitoba,stacey19@example.org
Keith Snow,Alexandria University,robinsonrobert@example.net
Ruben Robbins,Université Saint-Joseph de Beyrouth,johnsonterri@example.org
Anthony Myers,Flinders University,richardsonsteven@example.net
Amber Hall,Shanghai University,jonathanwright@example.org
Thomas Shaw,Southern Methodist University,craig68@example.com
Cassandra Patton,University of Colorado at Boulder,patrick77@example.com
Jamie Flores,Sciences Po Paris,zbryant@example.net
Frederick Martin,University of Ostrava,hstrickland@example.org
Christopher Myers,Yonsei University,rodriguezlori@example.net
Kyle Shields,Lahore University of Management Sciences (LUMS),hollyodom@example.net
Ashley Smith,Stanford University,sean56@example.net
Antonio Wood,Inha University,cynthia11@example.net
Michael Marshall,Ural Federal University,oking@example.org
Bobby Sharp,Queen's University,valerie55@example.net
Cynthia Long,City University of New York,oliviawade@example.org
Justin Graves,Tallinn University of Technology,oconnellstephanie@example.org
Shannon Gardner,University of Seoul,jessica60@example.com
Brian Anderson,University of Canterbury,carlos48@example.net
Ray Guerrero,York University,luis22@example.net
Anthony Harper,Bangladesh University of Engineering and Technology,nperry@example.org
Todd Hawkins,Università degli Studi di Pavia (UNIPV),craigruth@example.net
Aaron Lowe,University of Liege,uwright@example.org
Jeanne Sanchez,University of The Witwatersrand,uhudson@example.org
Norman Taylor,Dublin Institute of Technology (DIT),ldavis@example.net
Kyle Sandoval,Università degli Studi di Firenze (UNIFI),richard29@example.org
Ricardo Flores,Georgetown University,dalemurphy@example.com
Troy Fuller,University of Macau,williamsonamber@example.org
Kendra Alvarado,Kazakh Ablai khan University of International Relations and World Languages,samuelrobertson@example.com
Michele Bell,Australian Catholic University,meyersgerald@example.org
Kayla James,"SOAS - School of Oriental and African Studies, University of London",andersoncolin@example.net
Jay Little,University of Parma,anthonyparker@example.org
Gabriela Ramirez,Verona University,tanyahawkins@example.net
Joshua Ballard,Kyoto University,richard40@example.com
Nicole Grant,Kaunas University of Technology,philip96@example.net
Cynthia Mendez,Pontificia Universidad Católica de Chile,ysmith@example.com
Alyssa Cook,Rheinisch-Westfälische Technische Hochschule Aachen,mark80@example.org
Michael Jimenez,"University of Chemistry and Technology, Prague",rebecca29@example.org
Megan Campbell,The University of Warwick,staciegreer@example.net
Anthony Tucker,Universität Freiburg,isimpson@example.com
Lori Ford,University of Essex,sarahrose@example.net
Kelsey Lee MD,Tokai University,jacobbishop@example.org
Christopher Fuller,Universität Siegen,kristennewton@example.net
Jacqueline Gutierrez,University of Bergen,brucejohnson@example.org
Denise Hill,"National Research Nuclear University ""MEPhI"" (Moscow Engineering Physics Institute)",gcallahan@example.net
Michael Watts DDS,Renmin (People’s) University of China,kathleenmckinney@example.com
Mark Castillo,Clark University,mackenzie82@example.org
Rebecca Obrien,Politecnico di Bari,perryjennifer@example.com
Amanda Rogers,The University of Warwick,matthew53@example.org
Nicholas Barnes,Xi'an Jiaotong-Liverpool University,michellechapman@example.org
Mindy Taylor,Concordia University,david19@example.com
Kathryn English,Università Cattolica del Sacro Cuore,khuff@example.net
Jasmine Cole,Georgia State University,theresawilkinson@example.net
Craig Wilson,Indian Institute of Technology Guwahati (IITG),jenniferturner@example.com
Brenda Tucker,Utrecht University,farleysteven@example.org
Joseph Hoffman,International Islamic University Malaysia (IIUM),josepholiver@example.org
Jeff Scott,"University of Chemistry and Technology, Prague",lwatkins@example.net
Alexis Mitchell,Kyoto Institute of Technology,theresa23@example.org
Mrs. Heather Blair DDS,American University of Sharjah,juliehorton@example.net
Jessica Houston,Tecnológico de Costa Rica (TEC),mwalker@example.com
Jennifer Barrera,Universidade Federal do Rio Grande Do Sul,dodsonkristopher@example.com
Michael Mcdonald,Universität Freiburg,brianhardin@example.org
Jesse Blake,University of Hull,davidjackson@example.org
Andrea Jones,The University of Queensland (UQ),schultzrichard@example.org
James Smith,Universidad Austral,marcblackburn@example.org
Katherine Robbins,Indian Institute of Science (IISc) Bangalore,nmoore@example.com
Lauren Wilson,Chung-Ang University,graymeghan@example.net
Rhonda Beck,University at Albany SUNY,michael98@example.com
Corey Mosley,University of Rochester,julie28@example.org
David Winters,Universitat Politècnica de Catalunya,jessica39@example.org
Annette Wright,Sungkyunkwan University,robinsonamy@example.org
Ryan Price,Dublin Institute of Technology (DIT),andreamiller@example.org
Andrew Bennett,Università degli Studi di Siena (UNISI),patricia06@example.net
Ernest Allison,Shanghai University,richmondkari@example.org
Steven Kelly,Banaras Hindu University,santostaylor@example.com
Raymond Johnson,Moscow Institute of Physics and Technology State University,millerkayla@example.net
Erin Wheeler,Karolinska Institute,gabriel80@example.net
Marcus Burns,University of Illinois at Urbana-Champaign,catherinethomas@example.org
Jeremy Sharp,Scuola Superiore Sant'Anna Pisa,wilsonvalerie@example.org
Regina Williams,Università degli Studi di Milano,shannonvaldez@example.org
Charles Miller,University of Szeged,jamesbradley@example.com
Scott Montgomery,Chonbuk National University,stanleyjulie@example.org
Robert Webb,Pontificia Universidad Católica de Chile,peckdonna@example.com
Dominic Landry,Universitat de Valencia,cnichols@example.net
Carol Buchanan,Vellore Institute of Technology (VIT),kayleemolina@example.org
Danielle Gonzalez PhD,Gifu University,fkeller@example.net
Debbie Johnson,Iowa State University,wardjudy@example.com
Joe Ellis,Birla Institute of Technology and Science,wayne21@example.com
Ashley Martinez,Universität Stuttgart,joseph88@example.net
Sheila Chapman,University of Denver,vjackson@example.com
Seth Boyd,University Toulouse – Jean Jaurès,pearsonchristopher@example.com
Henry Grant,Kazakh National Pedagogical University Abai,hsalinas@example.net
Jordan Smith,The University of Warwick,christopher33@example.net
Becky Perez,Qatar University,tsullivan@example.org
Jonathan Ray,Sogang University,james10@example.net
Whitney Andrews,L.N. Gumilyov Eurasian National University,omartin@example.org
Kimberly Haynes,Universität Mannheim,hmarsh@example.com
Vickie Poole,Universidad Nacional de Córdoba,qcook@example.org
Julia Randall,Technische Universität München,aaron60@example.org
Michael Ramos,New York University (NYU),kentjessica@example.net
Mr. Christopher Morgan,Osaka Prefecture University,johnny43@example.net
Brandon Cook,University of Surrey,fordashley@example.org
Maria Pugh,Johns Hopkins University,ashleygarrison@example.org
Curtis Huber,Universiti Malaya (UM),stephen71@example.org
Lisa Preston,Universidad de Oviedo,lowejay@example.net
Andrea Tran,Université Paul Sabatier Toulouse III,marvinhawkins@example.org
Roberto Flores,Nagoya Institute of Technology (NIT),gonzalezbridget@example.net
Christopher Miller,University of Dhaka,glenn45@example.net
Laurie Cohen,Christian-Albrechts-Universität zu Kiel,danielle07@example.com
Zachary Green,Birmingham City University (BCU),bonniemiles@example.com
April Stewart,University of Cincinnati,mrobinson@example.com
George Johnson,Universiti Putra Malaysia (UPM),cthomas@example.com
Christopher Perry,Universidade de Vigo,william93@example.com
Nathan Perez,Chalmers University of Technology,hilltroy@example.com
Jennifer Turner,University of Côte d'Azur,cynthia77@example.net
Shannon Carter,Shenzhen University,woodardchristopher@example.com
Jasmin Young,Escuela Superior Politécnica del Litoral - ESPOL,nicolejones@example.net
Alisha Martinez,Flinders University,cameron16@example.com
Natasha Miller,University of Ostrava,jleonard@example.org
Donna Brewer,Thammasat University,tylerthomas@example.org
Todd Lynch,Università  degli Studi di Palermo,smithkimberly@example.org
Pam Hernandez,Shinshu University,estesdenise@example.org
Peter Lyons,Tallinn University,ryan33@example.com
Shawn Brown,Pontificia Universidad Católica Argentina Santa María de los Buenos Aires (UCA),melissaboyd@example.org
Melissa Nichols,Tecnológico de Monterrey (ITESM),nicolecruz@example.com
Kelly Walsh,American University of Sharjah,kimberly19@example.org
Chris Collier,Dankook University,kperez@example.com
Margaret White,University of Cambridge,brandonmorris@example.net
Nicholas Cole,Vytautas Magnus University,jeffreywilliams@example.com
Nicholas Hughes,National Tsing Hua University,garciadeanna@example.com
Kelli Taylor,Universidad de Costa Rica,dana03@example.com
